[{"id":"user-image-cargo4.jpg","publicUrl":"np://user.desktop.nicepage.com/Site_852623973/images/cargo4.jpg","size":6538,"hash":"hJTqZLjrT8RSZuG8JiJ6c1O3zow=","fileName":"cargo4.jpg","name":"cargo4","width":284,"height":177,"thumbnail":{"url":"np://user.desktop.nicepage.com/Site_852623973/images/thumbnails/cargo4.jpg","width":250,"height":156},"usages":["604527932"]},{"id":"user-image-service.jpg","publicUrl":"np://user.desktop.nicepage.com/Site_852623973/images/service.jpg","size":6454,"hash":"3aa27PXmxu7oBVDxm1G07J9s/MI=","fileName":"service.jpg","name":"service","width":263,"height":191,"thumbnail":{"url":"np://user.desktop.nicepage.com/Site_852623973/images/thumbnails/service.jpg","width":250,"height":182},"usages":["604527932"]},{"id":"user-image-benefits.jpg","publicUrl":"np://user.desktop.nicepage.com/Site_852623973/images/benefits.jpg","size":32405,"hash":"p0hVI7STVh7AT8IDDfiuCUnciDc=","fileName":"benefits.jpg","name":"benefits","width":800,"height":534,"thumbnail":{"url":"np://user.desktop.nicepage.com/Site_852623973/images/thumbnails/benefits.jpg","width":250,"height":167},"usages":["604527932"]},{"id":"user-image-6012670.png","publicUrl":"np://user.desktop.nicepage.com/Site_852623973/images/6012670.png","size":5326,"hash":"lsSx5j8epF+u8/hod9jaIj+PJ7Y=","fileName":"6012670.png","name":"6012670","width":128,"height":128,"thumbnail":{"url":"np://user.desktop.nicepage.com/Site_852623973/images/thumbnails/6012670.png","width":128,"height":128,"length":5326,"type":"png"},"usages":["604527932"]},{"id":"user-image-2092248.png","publicUrl":"np://user.desktop.nicepage.com/Site_852623973/images/2092248.png","size":3647,"hash":"kfAZrmlxsyECVYvYEFY2Tqk0zfY=","fileName":"2092248.png","name":"2092248","width":128,"height":128,"thumbnail":{"url":"np://user.desktop.nicepage.com/Site_852623973/images/thumbnails/2092248.png","width":128,"height":128,"length":3647,"type":"png"},"usages":["604527932"]},{"id":"user-image-team1.png","publicUrl":"np://user.desktop.nicepage.com/Site_852623973/images/team1.png","size":135253,"hash":"RR7IFFrT1mbPHN7Q0xEtrCWZa3k=","fileName":"team1.png","name":"team1","width":275,"height":349,"thumbnail":{"url":"np://user.desktop.nicepage.com/Site_852623973/images/thumbnails/team1.png","width":197,"height":250},"usages":["604527932"]},{"id":"user-image-team2.png","publicUrl":"np://user.desktop.nicepage.com/Site_852623973/images/team2.png","size":134817,"hash":"h+aPR0vLKmMHPRix9KMkGhE6A+s=","fileName":"team2.png","name":"team2","width":267,"height":340,"thumbnail":{"url":"np://user.desktop.nicepage.com/Site_852623973/images/thumbnails/team2.png","width":196,"height":250},"usages":["604527932"]},{"id":"user-image-contactus.jpg","publicUrl":"np://user.desktop.nicepage.com/Site_852623973/images/contactus.jpg","size":111683,"hash":"48xW8sRihyOBQ4cPd28/B59HilQ=","fileName":"contactus.jpg","name":"contactus","width":1000,"height":1500,"thumbnail":{"url":"np://user.desktop.nicepage.com/Site_852623973/images/thumbnails/contactus.jpg","width":167,"height":250},"usages":["604527932"]},{"id":"user-image-darkcargo1.png","publicUrl":"np://user.desktop.nicepage.com/Site_852623973/images/darkcargo1.png","size":124000,"hash":"1Y/RVqozj4NQvwnblv9FXCONx68=","fileName":"darkcargo1.png","name":"darkcargo1","width":1300,"height":867,"thumbnail":{"url":"np://user.desktop.nicepage.com/Site_852623973/images/darkcargo1.png","width":250,"height":167},"usages":["604527932"]},{"id":"user-image-cargodark.jpg","publicUrl":"np://user.desktop.nicepage.com/Site_852623973/images/cargodark.jpg","size":236204,"hash":"L68stNpLH8XiFmoH3Ps49lyUXu8=","fileName":"cargodark.jpg","name":"cargodark","width":1820,"height":1192,"thumbnail":{"url":"np://user.desktop.nicepage.com/Site_852623973/images/thumbnails/cargodark.jpg","width":250,"height":164},"usages":["604527932"]},{"id":"user-image-cargo.jpeg","publicUrl":"np://user.desktop.nicepage.com/Site_852623973/images/cargo.jpeg","size":263502,"hash":"szM5FbNXXpooqQYBFcS3oGGelTo=","fileName":"cargo.jpeg","name":"cargo","width":2048,"height":1024,"thumbnail":{"url":"np://user.desktop.nicepage.com/Site_852623973/images/thumbnails/cargo.jpeg","width":250,"height":125},"usages":["604527932"]},{"id":"user-image-delivery.jpg","publicUrl":"np://user.desktop.nicepage.com/Site_852623973/images/delivery.jpg","size":98739,"hash":"X3jZorK3q9n+OytHj8K5/CKjuNI=","fileName":"delivery.jpg","name":"delivery","width":2300,"height":1055,"thumbnail":{"url":"np://user.desktop.nicepage.com/Site_852623973/images/thumbnails/delivery.jpg","width":250,"height":115},"usages":["604527932"]},{"id":"user-image-service-davis-delivery-services-last-mile-delivery-truck-min.jpg","publicUrl":"np://user.desktop.nicepage.com/Site_852623973/images/service-davis-delivery-services-last-mile-delivery-truck-min.jpg","size":61924,"hash":"fWBSpCsQLM9aTOgnYsbPsPzmbko=","fileName":"service-davis-delivery-services-last-mile-delivery-truck-min.jpg","name":"service-davis-delivery-services-last-mile-delivery-truck-min","width":1800,"height":900,"thumbnail":{"url":"np://user.desktop.nicepage.com/Site_852623973/images/thumbnails/service-davis-delivery-services-last-mile-delivery-truck-min.jpg","width":250,"height":125},"usages":["604527932"]},{"id":"user-image-97576872a2e027652ab3c9e5bf0f9483d8920a94bb4cf3ef920365775560c1674830f053b41ab304229c20e93c33495f915cac4e19f04db439cb1d_1280.png","publicUrl":"np://user.desktop.nicepage.com/Site_852623973/images/97576872a2e027652ab3c9e5bf0f9483d8920a94bb4cf3ef920365775560c1674830f053b41ab304229c20e93c33495f915cac4e19f04db439cb1d_1280.png","size":118721,"hash":"duZaxrj4Lmf6EyxZ2re6nPANgCg=","fileName":"97576872a2e027652ab3c9e5bf0f9483d8920a94bb4cf3ef920365775560c1674830f053b41ab304229c20e93c33495f915cac4e19f04db439cb1d_1280.png","name":"97576872a2e027652ab3c9e5bf0f9483d8920a94bb4cf3ef920365775560c1674830f053b41ab304229c20e93c33495f915cac4e19f04db439cb1d_1280","width":1280,"height":1280,"thumbnail":{"url":"np://user.desktop.nicepage.com/Site_852623973/images/thumbnails/97576872a2e027652ab3c9e5bf0f9483d8920a94bb4cf3ef920365775560c1674830f053b41ab304229c20e93c33495f915cac4e19f04db439cb1d_1280.png","width":250,"height":250},"usages":["604527932"]}]